Age,Rate,Yield
30,1.3296712,3
30,1.34182048,2.5
30,1.34992,2
30,1.35801952,2.5
30,1.3701688,3
60,1.3392208,3.25
60,1.36407232,2.75
60,1.38064,2.25
60,1.39720768,2.75
60,1.4220592,3.25
90,1.3478488,3.5
90,1.38595552,3
90,1.41136,2.5
90,1.43676448,3
90,1.4748712,3.5