Age,UpperTop,UpperBottom,LowerTop,LowerBottom
0,1.3192,1.3192,1.3192,1.3192
90,1.4748712,1.43676448,1.38595552,1.3478488
